ID,sentence,Usage
1,She was a true visionary.,Public
2,I go to my school daily.,Public
3,You are a waster of time.,Public
4,She had impressed him with her vivacity.,Public
5,Nobody know whence he has come.,Public
6,These are some verities of human nature.,Public
7,They have to be tendentious and have real purpose.,Public
8,How could you let him wander off like that?,Public
9,This is a lock of hair.,Public
10,He has great values.,Public
11,She looked beautiful in pink cape.,Public
12,She has a room with a single bed.,Public
13,Where's the nearest post office?,Public
14,The vitrine of his room was beautiful.,Public
15,I assure you that the work will be done.,Public
16,That rule is no longer in operation.,Public
17,It`s high time to update our thinking on women`s issues.,Public
18,"The kidnappers exacted a ransom of Rs 2,00,000 from her family.",Public
19,The stork is starting to move.,Public
20,He had a force in the city.,Public
21,She is five feet tall.,Public
22,I tried my level best to win the match.,Public
23,She didn`t want to come.,Public
24,The family property was portioned.,Public
25,"Minister her properly, she's the future queen.",Public
26,The doctors removed his bladder.,Public
27,She treats the horse cruelly.,Public
28,He flew from the city.,Public
29,His character was witty and waggish.,Public
30,Students have to vacate the hostel.,Public
31,He sired an offspring who was male.,Public
32,He has a perfect swing.,Public
33,The troubleshooter is unable to determine the problem.,Public
34,He crosses wide avenues before entering the forest.,Public
35,There are five major types of volcanic activity.,Public
36,He is trying to prove his point.,Public
37,Please keep your bathroom hygienic.,Public
38,"Before going to school, polish your shoes properly.",Public
39,They must apply dressing on the wounds first.,Public
40,Her biggest strength is her perceptiveness.,Public
41,I have worked out an arrangement with the authorities to work at home.,Public
42,At present he`s working abroad.,Public
43,Mill the wheat properly.,Public
44,Don't needle that boy.,Public
45,I couldn't hear what they were saying because they were whispering.,Public
46,They presented their demands vociferously.,Public
47,The film's sound and picture need to be in sync.,Public
48,Her colour is white.,Public
49,We found a turtle in the garden.,Public
50,We are quartered in a beautiful villa.,Public
51,"I wasn't just disappointed, I was absolutely shattered.",Public
52,She weathered the crisis well.,Public
53,We may need to carry extra stuff too.,Public
54,I have got a fantastic idea.,Public
55,Grease the pan with oil.,Public
56,The people of the village were delighted at the arrival of the leader.,Public
57,Some are concerned that the increase in taxes will weaken the economy.,Public
58,All of them are very poor.,Public
59,A weir was built across the river to control the flow of water .,Public
60,His mother kept a watchful eye on him.,Public
61,It was tough for the army to fight a determined enemy.,Public
62,The kids are like the flowers in the family.,Public
63,Prince Edward`s marriage was viewed by thousands of people.,Public
64,The floor of the house is to be kept clean.,Public
65,He paid the carriage to the driver.,Public
66,I have an access to on-line Library.,Public
67,The army crossed the river during the night time.,Public
68,The teacher's statement was furious.,Public
69,This new adhesive can bond metal to glass.,Public
70,He got free tickets for the magic show.,Public
71,He is a good bowler.,Public
72,He worked from morning till evening.,Public
73,Books are printed in the printing press.,Public
74,She likes your confidence and tenacity.,Public
75,I was very disappointed with my examination result.,Public
76,The weather remained good fortunately.,Public
77,She has a passion for music.,Public
78,He is a loyal supporter of the party.,Public
79,It is expected that she will pay occassional visits to this place.,Public
80,Their boat drifted out into the river.,Public
81,Be careful what you say because he's touchy.,Public
82,"He is the lord of this area, so everybody has to obey him.",Public
83,His attire is somewhat threadbare.,Public
84,He took arts as course in graduation.,Public
85,My throat was dry so I took a sip of water.,Public
86,It's an art to lie.,Public
87,Pleasant memories live longer.,Public
88,The doctor arrived on the given time.,Public
89,Our only concern is the children's welfare.,Public
90,The soldiers were asked to be present on the ground for the drill.,Public
91,He wants to earn more and more profit.,Public
92,They tried to patch the leaking roof.,Public
93,She expressed her feelings very clearly.,Public
94,Hold on to me tight.,Public
95,I have twenty pounds in my pocket.,Public
96,All India oriental conference is going on.,Public
97,There is a no connection between these two incidents.,Public
98,Wipe the floor.,Public
99,I go to school everyday.,Public
100,The critics noticed the books and reviewed.,Public
101,It is a feast for muslims today.,Public
102,We need some crude oil.,Public
103,We'll vouch for him.,Public
104,Practice what you preach.,Public
105,Apparently they have left the city for some time.,Public
106,The thief was surrounded by police.,Public
107,He studied theology at college.,Public
108,These oranges have natural sweetness.,Public
109,He gave us a bright idea.,Public
110,The bird is piping a song on the tree.,Public
111,How far is the post-office from here?,Public
112,His links with the organization turned out to be tenuous.,Public
113,He is a watchman in this building.,Public
114,"Due to the defect in control panel, the aircraft has to land in midway.",Public
115,There is a tutor to teach the children while they're in hospital.,Public
116,The grass was wet.,Public
117,There are white ants in the cupboard.,Public
118,They brought breakfast to the room on a trolley.,Public
119,It would be foolish to believe such rumours.,Public
120,He saw a deer in the zoo.,Public
121,"May I carry your bag, madam?",Public
122,He was tired and vexed.,Public
123,He has whipped himself into panic.,Public
124,There was a display of firework on Republic Day.,Public
125,"Don't worry, everything will be alright.",Public
126,From where did she get the biro?,Public
127,The house is surrounded by plants.,Public
128,Poor health can be a barrier to success.,Public
129,Grades B and above are considered satisfactory.,Public
130,He is being disliked by everyone for his ungratefulness.,Public
131,She bought fancies on her birthday.,Public
132,The armour of these vehicles is quite protective.,Public
133,She always speaks to him in a loud voice.,Public
134,How can I reach the airfield.,Public
135,There was a decrease in the speed of train near the station.,Public
136,What kind of nut would leave a car on a railway track?,Public
137,I like your tie.,Public
138,She may arrive any day.,Public
139,He occupies a senior position in the firm.,Public
140,A rope was tied around a rock nearby.,Public
141,We need to look at the annual reports of last one decade.,Public
142,They thrust him into the back of a car.,Public
143,The temple is a good place for worship.,Public
144,Is the art museum open on all days?,Public
145,The aim of the terrorists is to terrify people!,Public
146,The theft took place in the broad day light.,Public
147,Police used a truncheon to beat the culprit.,Public
148,A dense population of trees framed the hut.,Public
149,The police collected clues in order to piece together the details of murder case.,Public
150,A reporter voiced the story.,Public
151,What is the date today?,Public
152,My friend has just come out of hospital.,Public
153,Don't victimise the weak.,Public
154,His greatest attribute was his helpful nature.,Public
155,He is considered the man of highest credit.,Public
156,She definitely needs the money.,Public
157,He has a boil on his back.,Public
158,I think that's sufficient.,Public
159,The Indian team met the Australians in the finals.,Public
160,Mountaineers have to take several long pulls to reach their destination.,Public
161,His answer was very brief.,Public
162,She has a small chin.,Public
163,He had a visceral dislike of Europe.,Public
164,He often tyrannizes his family.,Public
165,Apples from this region are freighted all over the world.,Public
166,The watercourse is being dried up.,Public
167,The goal of all students should be surpassing others.,Public
168,That gun has a long bore.,Public
169,I don't think so! she replied tartly.,Public
170,The doctor is very patient with his patients.,Public
171,I watched the movie on videotape.,Public
172,We measure fever with a thermometer.,Public
173,It was a joint operation of police and army.,Public
174,My mother motivated me to choose this profession only.,Public
175,The incident has to be logged.,Public
176,He made a cool appraisal of all issues in the dispute.,Public
177,We have enough quantity of provisions for the month.,Public
178,Prices of fruits vary from place to place.,Public
179,The school extended invitation to the parents on the annual day.,Public
180,She has committed herself for completing the research.,Public
181,He described them as a virtuous and hard-working people.,Public
182,He is better at practical tasks.,Public
183,"He is verminous, dirty person.",Public
184,Give the floor a good wipe.,Public
185,He is working in the personnel department.,Public
186,I am devoted to my father.,Public
187,I just can't sing in tune!,Public
188,The pitchers play a very important role in base ball.,Public
189,The teacher can`t guarantee you success in the exams.,Public
190,We enjoyed our journey to the fells.,Public
191,He delivered couple of punches with great force.,Public
192,The monk was found to be a fraud.,Public
193,He objected to his use of indecent language.,Public
194,Oil is barrelled before shipping to other countries.,Public
195,I've found a vase that's an exact match of one we already have.,Public
196,They netted many fishes.,Public
197,"This is her family trade, passed (down) from generation to generation.",Public
198,What features do you look for when buying a car.,Public
199,This summer he is visiting his aunt in Paris.,Public
200,Her house is pretty big.,Public
201,The holiday gave us an opportunity to visit Washington.,Public
202,He felt a twinge when he stood up,Public
203,The academic standards differ in the institutions.,Public
204,Journalists are an interesting race.,Public
205,The teacher whipped the boy.,Public
206,Maryam came to the party in a pink coloured dress.,Public
207,He joined the company as a trainee.,Public
208,Thank you very much for your cooperation.,Public
209,I won`t eat that poison.,Public
210,He is well versed in history.,Public
211,The miracle left everyone speechless.,Public
212,Where did you keep that paper?,Public
213,The suspense was unbearable.,Public
214,The soldiers have to stand for hours without changing position.,Public
215,His father is a clerk.,Public
216,They're building a new school in the village.,Public
217,Efforts are being made to preserve the wildlife.,Public
218,The fisherman had a weather-beaten face.,Public
219,He is well versed in history.,Public
220,She belongs to a poor class.,Public
221,Aluminium is a composite metal.,Public
222,Her ring had a gold coating.,Public
223,I want to make an enquiry about train times.,Public
224,Pine trees are found in cool northern regions and are used for making furniture.,Public
225,That is a newly discovered planet.,Public
226,The Taj Mahal is made of marble.,Public
227,My mother usually prepares a special dish on Saturday.,Public
228,Please transfer money.,Public
229,He glanced at me.,Public
230,Add up all the numbers.,Public
231,The terms are subject to the approval of the managing committee.,Public
232,She will acquire the files by tommorrow.,Public
233,Please put away your toys.,Public
234,"She dislikes me, and vice versa.",Public
235,This job is usually prefered by females.,Public
236,Without evidence we could only surmise that something was wrong,Public
237,The width of this corridor is eight feet.,Public
238,Two other points must be abstracted from the lecture.,Public
239,She refused her suitor.,Public
240,Their work must be checked weekly.,Public
241,He has a prominent pimples on his face.,Public
242,The available load is not enough to meet the requirements of the city.,Public
243,I don't know him personally.,Public
244,He grew up in a conventional environment.,Public
245,There are fifteen of us present.,Public
246,He leaned across to wait for us.,Public
247,I'm thrilled.,Public
248,He was packing his luggage for a holiday tour.,Public
249,Anyone could walk up into the enclosure.,Public
250,He turned around and walked back to the bus station.,Public
251,Water chestnuts are very crispy.,Public
252,All these trusteeships were slowly returned to Japanese rule.,Public
253,The vigilantes dragged the men out.,Public
254,They use vermilion to colour their cheeks.,Public
255,The climbers failed to reach the summit.,Public
256,By reading she improved her vocabulary.,Public
257,This is a fine colour for your shirt.,Public
258,I will try again tomorrow.,Public
259,Women have to fight for their emancipation.,Public
260,Numerous people saw the movie.,Public
261,My laptop processes much more quickly than my computer.,Public
262,The cow is afflicted with pharyngitis۔,Public
263,The stadium is in farther northern part of the city.,Public
264,Do you want anything to eat?,Public
265,My friend has ultra sensitive ears,Public
266,The army was deployed as a defensive force.,Public
267,Undesirable consequences flow from these misconceptions.,Public
268,I am very upset,Public
269,The ship was leaning over to port.,Public
270,The police play a vital role in our society.,Public
271,I made multiple copies of the document.,Public
272,Computer is included in the curriculum at the schools.,Public
273,We need to encourage innovation in industry.,Public
274,He is a very efficient person.,Public
275,A thunderclap exploded above us.,Public
276,Will you make a drink for me?,Public
277,It is good to know our own strengths and weaknesses.,Public
278,It's just a waste of money.,Public
279,I like almost all colours except pink.,Public
280,He was given a gift voucher.,Public
281,He is a wise and a clever fellow.,Public
282,Is tea included with this meal?,Public
283,Parents of brilliant students always feel proud of them.,Public
284,The children were well behaved.,Public
285,If we heat iron it becomes red.,Public
286,She has a variety of clothes.,Public
287,Relations have to be built on trust.,Public
288,We have to pull the weeds,Public
289,You're terrifying the kid.,Public
290,He is virtueless.,Public
291,We visited them twice in 10 years.,Public
292,The surgeons knife penetrated deep into the patient's body.,Public
293,I helped an aged man to cross the road.,Public
294,The old machine pulled hard when it was operated after a time gap of one month.,Public
295,He came to see me at my office with a business proposition.,Public
296,They are trampling on our rights.,Public
297,I have named my son Hassan.,Public
298,Surely we should do something about it?,Public
299,He stood third in the test.,Public
300,She told him where to put the luggage.,Public
301,She clothed herself in a new dress.,Public
302,It is a sin to covet.,Public
303,The telephone gave a tinkle.,Public
304,He ordered the army to invade at dawn.,Public
305,It is customary to welcome the guests.,Public
306,He listened to my tale of woe.,Public
307,I lost my purse.,Public
308,They arrived at twilight .,Public
309,He was outraged on calling ass by his boss.,Public
310,The crop of new students is efficient.,Public
311,He isn't suffering now.,Public
312,Her tactless remark offended me.,Public
313,I am a native of M.P.,Public
314,I asked my mother to come with me but she didn't take any notice.,Public
315,The project is funded by WHO.,Public
316,Always respect the seniors.,Public
317,This observation is nearly a truism.,Public
318,She runs a thriving business.,Public
319,She turned her head to watch him.,Public
320,Can you tow this car?,Public
321,He was given a cold reception.,Public
322,Neither of them was tall.,Public
323,The guests received a warm welcome.,Public
324,God is the maker of this universe.,Public
325,This is her personal work.,Public
326,She was wailing in grief .,Public
327,We have plenty of time left to do our work.,Public
328,The standards of morality of the people are on the increase.,Public
329,"As the soldier's body was laid out,there was ululation among the people.",Public
330,He tied a cord around his luggage.,Public
331,I want to buy a rug.,Public
332,The bride and groom exchanged vows.,Public
333,The warhorse was tremendous last season.,Public
334,Keep a tally of how much you spend,Public
335,The ship pitched in the sea due to tides.,Public
336,Then the instructor asked for another volunteer.,Public
337,Price of plastic items are cheaper than the metal ones.,Public
338,I am proud of my children.,Public
339,We have to buy woollen costumes.,Public
340,"As the year draws to a close, the story is changing.",Public
341,It was a beautiful waterfall.,Public
342,"He was wayward, high-spirited and self-confident.",Public
343,I am extremely impressed by his performance.,Public
344,We made an analogy between these things.,Public
345,There were more fish around in the pool.,Public
346,He is an expert in his field.,Public
347,The building collapsed due to earthquake.,Public
348,Morning swimming is advantaɡeous for the body.,Public
349,A new council was set up under the direction of the president.,Public
350,She was very short in height.,Public
351,You can buy watercolor at any store.,Public
352,The dying man blessed his son.,Public
353,Lots of people come to this temple every day.,Public
354,The supervisor fired him after he showed up at work drunk.,Public
355,He was deprived of the family inheritance.,Public
356,The police delivered the people from the dacoits.,Public
357,He made a portrait of his daughter.,Public
358,I take tea with lots of sugar.,Public
359,He has committed a crime.,Public
360,He obtained pardon for his sins.,Public
361,I admire him for his wit.,Public
362,She curled her hair for attending the party.,Public
363,He agreed to act as treasurer.,Public
364,This vibrator is used to reduce pain.,Public
365,The alliance will be declared at an appropriate time.,Public
366,Hold the pen between finger and thumb.,Public
367,Presently he is working in Riyadh.,Public
368,To give our problems a solution we should be pacific.,Public
369,The dentist put a crown on his molar.,Public
370,The effects were substantial in magnitude.,Public
371,Bhagavat Gita has eighteen chapters.,Public
372,Ram borrowed the money from the banker.,Public
373,Feeding the beasts is a big job.,Public
374,He launched into a tirade against the church.,Public
375,There's not a vestige of truth in the story.,Public
376,Please write down your name and occupation on a piece of paper.,Public
377,She was hurt by her friend's cold reception.,Public
378,"After the invention of printing, our society has changed a lot.",Public
379,Students having potential should be encouraged to work harder.,Public
380,When I was in deep trouble he helped me as a partisan of mine.,Public
381,It is weightless bucket you can lift it.,Public
382,He bared the facts of the case before the judge.,Public
383,Paintings hanging on the wall look nice.,Public
384,The president has the power of veto on all decisions.,Public
385,Keep the book on the bottom shelf.,Public
386,Some funding agency has to back the research project.,Public
387,These bees yield no honey.,Public
388,It was just a tragic accident.,Public
389,He made a beautiful picture.,Public
390,It is presumed that they are vermivorous,Public
391,He eats only bland food because of his ulcer in stomach.,Public
392,Rinse your mouth every morning.,Public
393,We have no fruits in the house.,Public
394,It is still a living custom there.,Public
395,She travels by bus to reach her office.,Public
396,She has already bagged the most comfortable chair.,Public
397,The naval force of that country is very huge.,Public
398,The students apologized before the Principal for teasing freshers.,Public
399,V.P. Singh was an observer at the U.N. meet.,Public
400,They saw the vertex of the mountain.,Public
401,The curve on that road is very dangerous.,Public
402,She drained the water with a sieve.,Public
403,Twenty minutes were lost due to the rain.,Public
404,The girls chorused at the party.,Public
405,"If you want knowledge, you must toil for it.",Public
406,Smoking vitiates the air.,Public
407,The burglar was held in contempt.,Public
408,He wants to bring out the finest in all of us.,Public
409,Please open your mouth.,Public
410,The Himalayan mountains are on the borders of India.,Public
411,He wheezed because of chest disease.,Public
412,The poet described the crown of Himalayas.,Public
413,Its very big of him to donate half of his salary to the flood victims.,Public
414,She left the books with her friend.,Public
415,It is not feasible for her to compete with them.,Public
416,He took a deep breath and dived into the river.,Public
417,The singer handled the notes very beautifully.,Public
418,My little son has a thrush.,Public
419,He fixed a picture to the wall.,Public
420,They have programmed the list and you are the first to speak.,Public
421,Your logic did not impact him.,Public
422,Tourists crowded the bus.,Public
423,I hanged all my clothes on the rope.,Public
424,We never had an anticipation that such a disaster will take place.,Public
425,He needed treatment.,Public
426,I wear glasses while reading.,Public
427,He had become mean and viperous.,Public
428,You cannot conduct the business without your partners.,Public
429,He passed the time chatting with fellow travellers.,Public
430,Please fix the bulb in a holder.,Public
431,The overarching bridge connects two main points.,Public
432,We sailed into a beautiful bay.,Public
433,His brother is a member of a youth fellowship.,Public
434,The train jolted into motion.,Public
435,The couple is staying at this house.,Public
436,The computer works okay.,Public
437,Raj took complete advantage of the situation.,Public
438,You need to contain your temper.,Public
439,He has official powers to do anything.,Public
440,He plays a viola.,Public
441,There are some points on the table.,Public
442,Honesty is a virtue.,Public
443,That was a live drama.,Public
444,I am against hunting in any form.,Public
445,He was convicted of murder.,Public
446,She was wearing a buff color saree.,Public
447,His remarks always vivify a sick person.,Public
448,He used a cart to carry the rocks away.,Public
449,This is the best water carrier I've seen.,Public
450,They buried the dead.,Public
451,The vigilantes dragged the men out.,Public
452,A vet treated the injured horse.,Public
453,"When the marimba rhythms start to play, dance with me.",Public
454,A coat of mail was worn by the soldiers.,Public
455,We employed a lawyer to solve our legal tangle.,Public
456,Fifteen is my lucky number.,Public
457,I asked him to come to the party.,Public
458,There were mutters that exams should be postponed.,Public
459,She is a very capable lawyer.,Public
460,Her grandmother is past eighty five.,Public
461,His vernacular style is liked by everyone.,Public
462,Our school is close to the river bank.,Public
463,He loved truth and non violence.,Public
464,This much of rice will not feed ten people.,Public
465,I am not yet ready to for such a commitment.,Public
466,I love people of my country.,Public
467,He is our domestic servant.,Public
468,The company made delivery of the goods on time.,Public
469,Please wax the floor.,Public
470,There is a vendor at the corner of the street.,Public
471,Ram shot an arrow that hit a flying swan.,Public
472,He is a famous physician.,Public
473,The school admits only 50 students in a session.,Public
474,He is a self determined person.,Public
475,They live in that house.,Public
476,"When my uncle drinks too much, he becomes very truculent.",Public
477,The road map shows several contours.,Public
478,She queens the company.,Public
479,Commercial warfare was to be avoided because of the cost.,Public
480,They had strong ties of friendship between them.,Public
481,She launched a vitriolic attack against us.,Public
482,She had a convenient excuse for not going out.,Public
483,I feel this celebration quite alien.,Public
484,This lot has been kept for him.,Public
485,Many of these people suffer from tuberculosis.,Public
486,The truth was so painful.,Public
487,She trudged up the hill.,Public
488,Some of her finger nerves were badly damaged when she crushed her hands in the car door.,Public
489,Whispering in front of people is considered very rude.,Public
490,She completed her work in a surreptitious manner.,Public
491,He was trembling with fear.,Public
492,I do not generally like to travel in the summer months.,Public
493,My future seemed to be on a downward trajectory.,Public
494,The press reporters were apprised of the meeting.,Public
495,"Sorry, did I tread on your bag?",Public
496,I had my tonsils out when I was ten.,Public
497,The patient's blood did not clot.,Public
498,They are selling a necklace of vermeil.,Public
499,The class was so boring that all the students were physically there but mentally somewhere else.,Public
500,The deal may coin our business.,Public
501,She advises me on technical matters.,Public
502,Those buildings are adding uglification to the world.,Public
503,She has traveled throughout the world.,Public
504,"We measure the items by weight, not by volume.",Public
505,Our neighbours were very friendly when we moved to our house.,Public
506,We enjoyed the music and dance at the theater.,Public
507,Keep the food in a big vessel.,Public
508,A superficial injury is not serious.,Public
509,The odour coming from outside was not pleasant.,Public
510,"Look, this is not going to help you in any way!",Public
511,She lay there wakeful the whole night.,Public
512,My fingers are tingling due to cold.,Public
513,He shook my hand warmly.,Public
514,The boy suddenly pitched forward out of his seat when the driver applied a sudden break.,Public
515,They are holding a discussion on theocracy.,Public
516,People were in a state of gloom due to India`s defeat in the world cup.,Public
517,Can you give me your paper knife?,Public
518,Many people assembled before the Prime Minister`s office.,Public
519,We cannot depend on others for daily needs.,Public
520,I really like the calm of midnight.,Public
521,Do not waste the food.,Public
522,They have entered into a loose alliance.,Public
523,The collective held a meeting.,Public
524,It's not decent to do so.,Public
525,She came down tumbling the stairs.,Public
526,The situation brought out the viciousness in him.,Public
527,She spent all her inheritance in a year.,Public
528,"Although she is very poor, she has not lost her dignity.",Public
529,I got a fellowship at University of Manchester.,Public
530,Where are you going?,Public
531,His conduct is admired in the family.,Public
532,Why do you hesitate to invite him?,Public
533,I do not hide things.,Public
534,Doctor examined the patient very well.,Public
535,I spent six months as a visiting professor,Public
536,The airline has been criticized for failing to heed.,Public
537,He lives in the old town.,Public
538,I'll wait for you in the vestibule.,Public
539,I wrote a book and prepared for the press.,Public
540,He could not finish the task، though he assayed hard.,Public
541,She spoke with great force.,Public
542,The principal thing in this world is to be honest.,Public
543,Bangalore is called the city of gardens.,Public
544,Use vinegar for onions.,Public
545,You will get the conveyance.,Public
546,He is lodging in a family as a paying guest.,Public
547,Sachin is an excellent cricket player.,Public
548,Send them your vitae if you want to apply for this job.,Public
549,She always talks in abstractions.,Public
550,He vowed never to go there again.,Public
551,I am very clear in my conscience.,Public
552,I'm afraid I don't follow.,Public
553,I narrated the whole story to my brother.,Public
554,They saw a man lurking in the dark.,Public
555,We have to help the weakest.,Public
556,It matters little to me what people think of me.,Public
557,She has very little vision in her left eye,Public
558,They deliberately avoided the issue.,Public
559,Being a veterinarian is my lifelong dream.,Public
560,There was a three-story building on the corner.,Public
561,The fight ended only with the timely arrival of the police.,Public
562,Two men armed with rifles entered and looted the bank.,Public
563,Some youngsters have joined the yoga class.,Public
564,All my official correspondence is carried out by my secretary.,Public
565,The council is working on the ways of reducing traffic in the city.,Public
566,He has suffered a lot because of his vertebral injury.,Public
567,He proudly displayed his prize.,Public
568,I am going to my village to meet my folks.,Public
569,Give this book to Azan and keep the others for Adeem.,Public
570,This comedian is known for his vulgarity.,Public
571,We devised a scheme to clean the city.,Public
572,The fore part of the car was damaged in the accident.,Public
573,He has a great drive to become rich.,Public
574,Please excuse his rude behavior.,Public
575,They have accepted our decision.,Public
576,We all stayed overnight at our friend's place.,Public
577,Allegations of sexual harassment have led to proceedings being taken against two police officers.,Public
578,The book is very interesting.,Public
579,Such an obstinance can't be acceptable.,Public
580,The driver was peering to read the road sign.,Public
581,Everybody was anxiously waiting for the results.,Public
582,The criminals escaped from the prison.,Public
583,This picture is comparatively good.,Public
584,May I help you?,Public
585,She was vibrant with anger.,Public
586,These plants imbibe water through their roots.,Public
587,There are eleven players in a hockey team.,Public
588,He is a viticulturist.,Public
589,In library you have to pay a penalty for returning a book late.,Public
590,My feet began to tickle.,Public
591,They kept me in a tidy room.,Public
592,We should fight for the honour of our country.,Public
593,I wasted my life by not doing anything.,Public
594,I have to prepare myself for my yearly exams.,Public
595,He is a veterinary surgeon.,Public
596,Her art flowered eventually.,Public
597,There was a debate on political issue.,Public
598,We have to class these words in different categories.,Public
599,Keep your valuables inside the locker.,Public
600,He finishes the work quickly.,Public
601,We can drain the resources for constructive purposes.,Public
602,"I mean, he always was a sweet talker.",Public
603,He got the money from me by a trick.,Public
604,The cow was taken to the veterinary hospital.,Public
605,Milk contains calcium.,Public
606,The kid's hand was viscid.,Public
607,I arranged all my clothes in the cabinet.,Public
608,She had previously worked in this institution.,Public
609,He was recently appointed as the Governor of the Punjab.,Public
610,We bade her farewell at the airport.,Public
611,Water solidifies during night.,Public
612,They decided to stay apart.,Public
613,I didn`t get the chance to view your new house.,Public
614,He is a greedy man.,Public
615,It is better to be alone than in bad company.,Public
616,I don't get time for play.,Public
617,Her face was yellowed with fear.,Public
618,No one doubt the preeminence of my father in financial matter.,Public
619,Ten people were killed in the train crash.,Public
620,The team played a fair game.,Public
621,She yelled out in pain.,Public
622,The orphanage is situated in Batamaloo.,Public
623,Cricket lovers were watching the match with great anxiety.,Public
624,They are actively lobbying against the bill.,Public
625,"With continuous efforts, they were able to solve their problem.",Public
626,Don't trifle with the matter.,Public
627,The disease has weakened him.,Public
628,They were great fighters.,Public
629,The Indian market accounted for 40% of the total sales.,Public
630,There was some noise in the street.,Public
631,His life is in danger.,Public
632,The window offered a lovely view of the lake.,Public
633,Industrialized countries consume natural resources in huge quantities.,Public
634,Let me just rinse my hands.,Public
635,I was standing just near enough to hear what they were saying.,Public
636,The goldsmith was praised by everyone for his craft.,Public
637,The play was vivace.,Public
638,That little girl is very cute.,Public
639,He comes to my house frequently.,Public
640,They completed their job effectively.,Public
641,Smoke triggered the fire alarm.,Public
642,His fingers are long and thin.,Public
643,I am thirty years old.,Public
644,It is necessary to act wisely in an emergency.,Public
645,The programme was held on the following day.,Public
646,A throng of officers surrounded him.,Public
647,It must be a virus.,Public
648,What is the plural of 'child' ?'.,Public
649,The entire fabric of the building needs renovation.,Public
650,That man watched the children crossing the lane.,Public
651,The superviser was fully satisfied with his work.,Public
652,I saw a drove in the field.,Public
653,I am so much tired.,Public
654,They live just west of here.,Public
655,The manager welcomed the suggestion.,Public
656,Mosquitoes will feed on any vertebrate blood.,Public
657,Persistent questioning by the police made him unconscious.,Public
658,They adopted my viewpoint.,Public
659,The sky was full of clouds.,Public
660,The caravan covered almost 100 miles each day.,Public
661,"There is no need of mending my shoes, I have rejected it.",Public
662,It is too dangerous to handle a dynamite .,Public
663,I want to have a party.,Public
664,The chief of the army staff visited the border areas.,Public
665,He became the Vice President of the United States.,Public
666,He was late last Thursday.,Public
667,They're playing at the coliseum.,Public
668,The ambulances were detailed to the accident site.,Public
669,The guests arrived at noon.,Public
670,A woman also has the right to vote.,Public
671,Neon emits a characteristic red glow.,Public
672,The graph of the company`s production is here.,Public
673,This diet is full of vegetables and legumes.,Public
674,The fairy's magic changed the two brothers into ducks.,Public
675,He is a wastrel person.,Public
676,The function will start without any delay.,Public
677,I lost my gun.,Public
678,Nebulas are so distant that they cannot be observed in sufficient detail.,Public
679,This land belongs to a governmental institution.,Public
680,This way leads to my home.,Public
681,The moon cast a pale light over the houses.,Public
682,Their illness can be attributed to the poor diet.,Public
683,"I consider buying it, but waver.",Public
684,They wants to distribute the books in Asia first.,Public
685,Poor health may be a bar to success in life.,Public
686,He gave us a bright idea.,Public
687,You better look it up in the dictionary.,Public
688,A decisive person should lead the party.,Public
689,It is an abstract painting.,Public
690,A vixen was roaming in the forest.,Public
691,He denounced to the police about the crime.,Public
692,Why do the aged tend to be taciturn?,Public
693,The copper trey is plated with silver.,Public
694,He has got a new computer.,Public
695,The sky was dotted with stars.,Public
696,The younger children are the darlings of the parents.,Public
697,It is given to drink spirits.,Public
698,He is a close relative of mine.,Public
699,She has now got a permanent job in a school.,Public
700,There is a crisis across the country.,Public
701,Paganini was a brilliant violinist,Public
702,The inquiry found no verifiable evidence of document,Public
703,My uncle has a farm in the village.,Public
704,Don't tempt me.,Public
705,My neighbour's feline is very cute.,Public
706,The draft of the letter is ready.,Public
707,We have to work for the welfare of the needy.,Public
708,He was extremely superstitious,Public
709,I convinced her to go by plane.,Public
710,The doctor cured the disease in its primary stage only.,Public
711,We need to raise public awareness of the issue.,Public
712,The company was on the verge of going bankrupt.,Public
713,"You will be in trouble, just mark my words.",Public
714,Our goal in this work has been twofold.,Public
715,It is a breaking news.,Public
716,Don`t disturb the honeycomb.,Public
717,The doctors cured him of fever.,Public
718,He has already formed an opinion about his boss.,Public
719,The chemical companies are poisoning our rivers and atmosphere.,Public
720,I read only the last chapter of the book.,Public
721,He is currently Vice-Chancellor of the University of Delhi,Public
722,He wheeled his motorcycle into the garage.,Public
723,This is a tricky proposition.,Public
724,Fortunately there were no injuries and damage to the factory was minimal.,Public
725,Count the books on the shelf.,Public
726,He went out during a pause in the conversation.,Public
727,He chaired the meeting yesterday.,Public
728,It`s pouring outside.,Public
729,She is whacky by nature.,Public
730,The death of the teacher chilled the students.,Public
731,Have you sharpened your pencil?,Public
732,The building was blasted.,Public
733,They were commanded to give a war cry.,Public
734,The crowd is eagerly waiting to view the match.,Public
735,She purchased a wonderful dress for her wedding day.,Public
736,I want to buy a new microscope.,Public
737,I aimed the gun carefully at the target.,Public
738,Don`t pull the plug out.,Public
739,It is advisable to ascertain the correct measure of everything which we purchased.,Public
740,The punishment should be proportional to the crime.,Public
741,Eleven students are absent today.,Public
742,I must go there today.,Public
743,She broke the mirror into pieces.,Public
744,The car clashed with a tree.,Public
745,It is a virgin olive oil,Public
746,She's too protective towards her.,Public
747,He got part-time job in a college.,Public
748,How can you be so vindictive ?,Public
749,You're in a good mood this morning!,Public
750,We have to adopt nearly all the rules.,Public
751,We have to decide what to do.,Public
752,She warned me that the stove was still hot.,Public
753,He was a designated judge.,Public
754,She won the game by craft and guile only.,Public
755,He will take over the task when I go on leave.,Public
756,You may also put in your assessment of the situation.,Public
757,The city needs to improve its public transportation,Public
758,The award ceremony will be held next week.,Public
759,We pay the minimum taxes.,Public
760,There's a visitor waiting for you in the lobby.,Public
761,I have got one-fourth of the wealth of my family.,Public
762,"She was charming, intelligent, and vivacious.",Public
763,He went there in the dead of winter.,Public
764,His aunt is a teacher.,Public
765,The actor made his appearance on the stage alone.,Public
766,It's a long trek into town.,Public
767,Her mother has gone to buy trousseau for her.,Public
768,Summer clothing should be sent to the washerman to be washed.,Public
769,It's not far; you can walk there to reach.,Public
770,This knife is ivory handled .,Public
771,The wheel in the cycle is not moving.,Public
772,The poet captured the essence of Spring in his poetry.,Public
773,Ali wedded Ayesha.,Public
774,She has to give a proof of her identity.,Public
775,The women were ululating with grief.,Public
776,She has tricked him.,Public
777,Always check the temperature of a room before you walk into it.,Public
778,You have not buttered my toast properly.,Public
779,He belongs to a princely state.,Public
780,Watermelon was tasty.,Public
781,I aided him in his enterprise.,Public
782,Such an exploration would only be possible under certain circumstances.,Public
783,I got million dollars.,Public
784,He pays less to his employees.,Public
785,The atomic bomb is a grave threat to mankind.,Public
786,It is better to resolve the dispute in between.,Public
787,I love to see marine animals.,Public
788,The police put a watch on the suspect's house.,Public
789,The air consist of more than 70 % of nitrogen.,Public
790,Burning of sulphur keeps rats away.,Public
791,How did you come to know about this accident?,Public
792,Our resources are in a state of flux.,Public
793,Her new work is equivalent to the older one.,Public
794,In the dark she fancied that she saw a ghost.,Public
795,The sofa is delivered in pieces and we have to assemble it.,Public
796,He knew they were tracing him.,Public
797,She made her entry towards the end of the ceremony.,Public
798,He is very close with his money,Public
799,The city has begun to westernize.,Public
800,She was wayworn after the long trip.,Public
801,He has a tendency to make wrong decision.,Public
802,She had been bitten by a viper.,Public
803,The teacher grouped the students.,Public
804,I don't eat anything while I am working.,Public
805,She is carrying loaded utensils.,Public
806,She picked up the most beautiful dress.,Public
807,Physical exercises can free your body and mind of tension.,Public
808,Throw out that bread!,Public
809,She is delegated with the management of the office.,Public
810,She sang a beautiful number.,Public
811,The teacher explained the topic to the students.,Public
812,I can do whatever I want.,Public
813,She will be fifteen this year.,Public
814,The mechanic replaced damaged components of car.,Public
815,I plugged the bottle of milk after taking some out of it.,Public
816,They were rescued from despair at the last moment.,Public
817,He is mentally challenged.,Public
818,Protection of babies against mosquitoes is very necessary.,Public
819,He is the famous vintner of the town.,Public
820,They have put a weather satellite into orbit round the earth,Public
821,The storm badly damaged goods kept on wharves.,Public
822,She joined a group of walkers in the neighborhood.,Public
823,We took the photograph of Tajmahal when we went to Agra.,Public
824,The orderly is doing his work very honestly.,Public
825,We successfully cracked the problem.,Public
826,Student`s work hard to get good positions in future.,Public
827,I think of you constantly.,Public
828,It was rejected by many theologians.,Public
829,This is a fine place for staying.,Public
830,We should not intrude in others home.,Public
831,Do not deny her explanation.,Public
832,The bed occupies a huge space.,Public
833,The teachers should improve one's power of perception.,Public
834,A goose waddled across the yard.,Public
835,I visit my grandparents on sundays.,Public
836,Ritesh is full of hate towards Preeti.,Public
837,Honesty is the best policy.,Public
838,The border dispute led to war between the two nations.,Public
839,I go to a vocational school.,Public
840,Ram always tries to avoid driving during night.,Public
841,We are leaving this place.,Public
842,I left the upstairs window open.,Public
843,He comes from good origins.,Public
844,Can you come with me?,Public
845,They bagged the best vegetables from the store.,Public
846,Will you please come here.,Public
847,She kept the tea kettle on the table.,Public
848,We can decorate the place overnight.,Public
849,He is a neutral person.,Public
850,"Now that you have done it, I will see it.",Public
851,The birthplace of Longfellow is now a tenement.,Public
852,Many political leaders fan communal violence for personal gains.,Public
853,I want you to write an essay.,Public
854,There is a good canteen.,Public
855,My uncle has a farm in the village.,Public
856,A general tariff was imposed on foreign imports.,Public
857,He became the victim of a virulent infection.,Public
858,Whose car is that?,Public
859,The terrene building is a special kind construction in a special region of Chinese country.,Public
860,The kitten wormed its way through the hole.,Public
861,I will speak for you.,Public
862,We are not adequately equipped to launch the new brand.,Public
863,The job requires special training.,Public
864,I can`t afford to buy myself this dress at the moment.,Public
865,I used to pattern myself according to my big sister.,Public
866,Hardwork is avenue to success.,Public
867,She spent two months in the war-torn city.,Public
868,Abid is a member of parliament.,Public
869,The barber's knife nicked his cheek.,Public
870,The military thought that further movement could be risky.,Public
871,After the break we started work again with vigour.,Public
872,The judge was not fully persuaded by the evidence.,Public
873,The police found difficult to control the mob.,Public
874,I prefer coffee.,Public
875,You ought to apologize to me.,Public
876,Tanner took a quick nap to replenish his dwindling energy.,Public
877,I just gave him a message.,Public
878,It gives me great pleasure to introduce you to such a renowned artist.,Public
879,He lost a leg in the accident.,Public
880,He fell down with a single push.,Public
881,I spent six months as a visiting professor,Public
882,The terrified child ran away,Public
883,Today the sky is of orange color.,Public
884,She can no longer tolerate his intercession.,Public
885,They are all invited for the party.,Public
886,Our aim is to learn through play.,Public
887,"Whenever he comes to India, he visits us.",Public
888,He is a neat worker.,Public
889,The jurors discussed the evidence and made their decision thereupon.,Public
890,They will post me the cheque as soon as they recieve my bill.,Public
891,He will give witness about the case in the court.,Public
892,It takes clear two days to reach Indore from here.,Public
893,He got visa on his second try.,Public
894,We now export all kinds of industrial products.,Public
895,She is a woman of great character.,Public
896,He lifted the iron beam.,Public
897,She takes time in dressing herself up.,Public
898,The great thing about it is that we work together on video conferences.,Public
899,The boy whom you gave that book has come.,Public
900,They agreed to work together.,Public
901,The cow has a diseased udder.,Public
902,Thriftiness is a great quality.,Public
903,Wipe your nose with a tissue.,Public
904,He reminds me of my tragedy frequently.,Public
905,Fantastic tinct of the dry flowers.,Public
906,They charge a tremendous amount of money.,Public
907,He is planning to abscond with his beloved.,Public
908,Only married couples are allowed there.,Public
909,We sat down in the sunshine and had lunch.,Public
910,We physicians know that bactericidal is not necessarily viricidal.,Public
911,I like to eat green vegetables.,Public
912,The hunter's target was a deer.,Public
913,I supplicate you to tell me.,Public
914,I don't want to live anymore.,Public
915,Some of those travellers are here today.,Public
916,She gave me a beautiful bunch of violets.,Public
917,You cannot distinguish him from the rest.,Public
918,He bought a good electric heater for winters.,Public
919,You must check once again through your pockets..,Public
920,"When I reached, the counter was closed.",Public
921,"I am tired to go for a walk, besides it's raining outside",Public
922,The victim had been strangled.,Public
923,The proposal will be considered for approval.,Public
924,Doctors have to detach themselves from their feelings.,Public
925,Write her name in capital letters.,Public
926,Symptoms of his illness are fever and persistent dry cough.,Public
927,He always plays a prominent role in stage programmes.,Public
928,The separation weighed on both of them.,Public
929,The long hours of work have wearied me.,Public
930,He is very popular actor.,Public
931,He is a thrifty man.,Public
932,He felt a thump on his shoulder.,Public
933,I congratulated my friend on her success in the exam.,Public
934,Many soldiers fell in the battle.,Public
935,Drink a glass of milk everyday.,Public
936,Nothing can sunder our friendship.,Public
937,Oxygenated blood is brought by pulmonary arteries to the heart.,Public
938,Do you know how to manipulate a computer?,Public
939,Preeti is away on vacation for one month.,Public
940,He gave her a job to rescue her from the misery.,Public
941,He is the director of this institute.,Public
942,Flags were waving in the breeze.,Public
943,Her failures vexed him.,Public
944,Are you looking forward to your testimonial?,Public
945,It was bound to happen sooner or later.,Public
946,She is full of energy.,Public
947,He has been a cricket champion.,Public
948,He flagged the car to stop.,Public
949,The classification of books is yet to be done.,Public
950,He whacked the little boy for spilling milk.,Public
951,Mother put a veto on our staying out late.,Public
952,He is a professor of narrative literature.,Public
953,We never know the worth of water till the well is dry.,Public
954,She was wearing an old dress.,Public
955,Children under five usually travel free on buses and trains.,Public
956,I had bread with butter for my breakfast.,Public
957,The food provided here is best than other closeby stores.,Public
958,They made a collective approach to resolve this problem.,Public
959,There are reptiles in this pond.,Public
960,He is a very emotional person.,Public
961,It was difficult to procure food.,Public
962,The child has a wound on the knee.,Public
963,Surgical techniques are constantly being refined.,Public
964,All these methods should be validated in respect of accuracy.,Public
965,We can meet in front of the bistro.,Public
966,His father prohibited him from doing so.,Public
967,"Pursuant to his instruction, I have ordered 10 bottles of milk.",Public
968,I find gardening very therapeutic.,Public
969,He has lost his power of speech.,Public
970,We will leave only when the roads are clear.,Public
971,I miss my beloved very much.,Public
972,There are hundred pupils in my class.,Public
973,He hunts for amusement.,Public
974,We need to better the conditions for the disabled.,Public
975,He has stored all his documents in the filing cabinet.,Public
976,Even a child can comprehend it.,Public
977,I bought a new watch recently.,Public
978,I got a walloping from my father when I came home.,Public
979,I doubt whether he'll come to the party.,Public
980,Meat is rich in protein.,Public
981,His vehicle needs a new engine.,Public
982,He meets me infrequently.,Public
983,Don't forget to take out the garbage.,Public
984,He is a class poet.,Public
985,Petrol feed of the car is blocked.,Public
986,Their clothing was not proof against the bitter weather.,Public
987,We were sweltering at the beach.,Public
988,These vitamin pills will restore lost vitality.,Public
989,She has drawn the information from different sources.,Public
990,Snowfall hindered the construction of road.,Public
991,There's not a vestige of truth in the story.,Public
992,He must be waiting for you on railway platform.,Public
993,The package is dated November 24.,Public
994,I enjoyed reading his second novel more than the first.,Public
995,The tyres are worn due to constant use.,Public
996,The case was forwarded to the Supreme Court.,Public
997,You should refrain from engaging in acts of stupidity.,Public
998,It is a substance causing painful vesication.,Public
999,There was a loud burst outside the house.,Public
1000,Women must take care after conception.,Public
1001,His words carry double meanings.,Public
1002,I have an infinite number of pens in my home.,Public
1003,He seems very sulky.,Public
1004,A building plan was approved by the authority.,Public
1005,My vision is getting worse day by day.,Public
1006,He was misunderstood notwithstanding his good intentions.,Public
1007,That point needs serious consideration.,Public
1008,There was a lot of mud in the play ground.,Public
1009,Necessary actions were taken to neutralise the threat.,Public
1010,I love French food.,Public
1011,It will take a lot of time to build the bridge.,Public
1012,I bought a new bicycle for myself.,Public
1013,Have you completed one cycle.,Public
1014,Is it our table?,Public
1015,The work would be easily done if you could just mobilise the workers.,Public
1016,He gave her a note for attending the party.,Public
1017,Science always tries to pinpoint the truth.,Public
1018,The houses on the street are all timeworn,Public
1019,He has been charged with a serious offence.,Public
1020,Treat me as a friend.,Public
1021,The visual images became real.,Public
1022,These guys are very good players.,Public
1023,He works as a waiter.,Public
1024,The best buys of this winter are carrots and peas.,Public
1025,His whiskers were long.,Public
1026,She gave her husband's brother's wife a golden chain.,Public
1027,A pack of scientists was sent to America for some research.,Public
1028,We went there once.,Public
1029,The vessel flooded and began to sink.,Public
1030,The agreement was carefully vetted by lawyers.,Public
1031,He felt a vestigial flicker of anger from last night.,Public
1032,They use vermilion to colour their cheeks.,Public
1033,Do you need any help?,Public
1034,The government was formed in coalition.,Public
1035,The riot began as a peaceful protest.,Public
1036,This path leads to the river through the forest.,Public
1037,The train derailed from the track,Public
1038,"Inspite of the defeat, morale was still high in the team.",Public
1039,A table stood in the corner of the room.,Public
1040,We can develop a better strategy.,Public
1041,This city has a distinct flavour of bygone times.,Public
1042,The game was outstanding.,Public
1043,We had a brief conversation and then she left.,Public
1044,He was accused of aiding the criminal.,Public
1045,John tried to compare himself with his friend.,Public
1046,She has taken up pathology as her major subject.,Public
1047,I play trumpet in the school band.,Public
1048,Which fruit do you like?,Public
1049,We travelled to the beach by coach.,Public
1050,The sound came from some quarter of the room.,Public
1051,There is a possibility of spiritual transcendence in the modern world.,Public
1052,It was a victory for the army.,Public
1053,They have introduced a new system whereby all employees must undergo regular training.,Public
1054,He has been a client of our goods for many years.,Public
1055,"In summary, this was a disappointing performance.",Public
1056,He has got into the `habit` of telling lies .,Public
1057,The prime minister met his cabinet for the talks.,Public
1058,The mouse was on the floor.,Public
1059,Her husband dominates her.,Public
1060,When did the accident occur?,Public
1061,Bread is made up of flour.,Public
1062,"Although we gave him money,he didn`t buy the book.",Public
1063,Loop the rope firmly round the log.,Public
1064,There was a watery discharge from her ear.,Public
1065,A group of journalists were moving towards the court.,Public
1066,He admitted his error.,Public
1067,He continued to quest for clues.,Public
1068,She has got loose thinking.,Public
1069,Do you wake up early in the morning?,Public
1070,Could you plug in the charger?,Public
1071,He must wear thinner shirt in summer.,Public
1072,The new employee has complicated the plan.,Public
1073,His response was well balanced.,Public
1074,What he said was just to whitewash himself.,Public
1075,Fields are full of white clovers.,Public
1076,I put a clear statement on this issue.,Public
1077,That little girl always wears beautiful and colored dresses.,Public
1078,Her jokes helped to relieve the tension.,Public
1079,She is suffering from a terminal illness.,Public
1080,Queen Victoria reigned over Britain from 1837 to 1901.,Public
1081,She has a beautiful form.,Public
1082,The delegates from different organizations have come.,Public
1083,He is supported by key figures of the political party.,Public
1084,I have a very good visual memory.,Public
1085,Fuel is used for cooking.,Public
1086,The earthquake toppled the buildings.,Public
1087,He hooked his opponent in boxing.,Public
1088,She is a patient listener.,Public
1089,The vegetation was viridescent.,Public
1090,The tribune has been very kind with his staff.,Public
1091,The great thing about it is that we work together on video conferences.,Public
1092,He who transgresses must seek forgiveness.,Public
1093,He is anxious about his future.,Public
1094,He is a merchant.,Public
1095,We condemn this act of our leader.,Public
1096,"They were skilled, but wanting in discipline.",Public
1097,He is a wicked man.,Public
1098,He lost his pen.,Public
1099,I like this video.,Public
1100,They have to wire the plot.,Public
1101,She hates flying.,Public
1102,He has applied a pleasant fragrance.,Public
1103,He has burning fever.,Public
1104,The hotel is decorated with ultramodern furnishings.,Public
1105,It is perhaps the best known of his works.,Public
1106,Isn't it a pleasant morning?,Public
1107,She gets annoyed when someone criticizes her.,Public
1108,His voice was filled with emotion.,Public
1109,Our car doesn't have enough power to tow a truck.,Public
1110,The results are presented in tabular form .,Public
1111,He was the best player in the tournament.,Public
1112,The boxes should be constructed from timber.,Public
1113,The patient is still in denial.,Public
1114,He authored some books.,Public
1115,I don`t like to race.,Public
1116,She narrated the whole story vividly.,Public
1117,The weakness of her voice surprised me.,Public
1118,Our ship is on to the wharf.,Public
1119,His mouth watered when he saw the sweets.,Public
1120,She is in a hospital.,Public
1121,His assets were seized by investigating agency.,Public
1122,There will be three of us for lunch besides the guests.,Public
1123,I can`t depend on you any more.,Public
1124,He is vulnerable because of diseases.,Public
1125,He motioned me to sit down.,Public
1126,Please can the pickles immediately.,Public
1127,We have to attend a wedding on Sunday.,Public
1128,He was having a tong in his hand.,Public
1129,I'll help you wash the car.,Public
1130,The army was ordered to advance.,Public
1131,Lot of porters are found in the airports.,Public
1132,My phone vibrated.,Public
1133,The police are after him badly.,Public
1134,The two events clashed so we had to miss one.,Public
1135,The door struck him in the face with a wham.,Public
1136,The program attracts millions of viewers every week.,Public
1137,I saw a drum in his room.,Public
1138,The girl contended that she saw a ghost.,Public
1139,He liked to tell war stories from his life as a sea captain.,Public
1140,Please draw a deep breath.,Public
1141,Certain chemicals are easily absorbed into the bloodstream.,Public
1142,"That is, they should veer in that direction.",Public
1143,The principal of the insititution is very popular among the members.,Public
1144,The sick and wounded were evacuated from the war zone.,Public
1145,The more noble the more humble.,Public
1146,I clashed against the wall and hurt my head.,Public
1147,There has been diffusion of communal tension in the area.,Public
1148,Strike is an everyday occurrence in our society.,Public
1149,Aeroplanes are filled with petrol.,Public
1150,Their new house is very swish.,Public
1151,He willed and every thing went accordingly.,Public
1152,This case will be investigated.,Public
1153,Electric wire has been looped around the branches of the tree to hang bulbs.,Public
1154,The thread breaks where it is weakest.,Public
1155,A smile may vivify a face.,Public
1156,There is a big park in our colony.,Public
1157,The work can be completed under favourable circumstances.,Public
1158,This plant flowers in June.,Public
1159,She lives on the fifth floor.,Public
1160,The forward seats in the bus are reserved for ladies.,Public
1161,She is wearing a shawl.,Public
1162,The child was naked.,Public
1163,It's a little bit tight.,Public
1164,Three dogs trot on the beach.,Public
1165,Two detectives were trailing him.,Public
1166,She seemed pleased by the compliment.,Public
1167,They ended the drama with a music.,Public
1168,He is a madcap.,Public
1169,Traders were bulking up their flour with salt.,Public
1170,The A.P. government intends to free more funds for educational purpose.,Public
1171,Fog severely restricted visibility.,Public
1172,He angled at the guard for a free entry.,Public
1173,I kept all my jewellery in the closet.,Public
1174,A brilliant idea occured to Newton while watching the apple fall.,Public
1175,The teacher warned the students not to repeat the mistakes.,Public
1176,An engineer can solve this problem.,Public
1177,He was more skilled swordsman.,Public
1178,He wants to do his work publicly.,Public
1179,He is clubbed among the classical actors.,Public
1180,I have all the addresses of my colleagues.,Public
1181,He bought a new quilt with very soft wadding for himself.,Public
1182,It is necessary to finish this job before the month ends.,Public
1183,I gained a lot of information in the two-day workshop.,Public
1184,His death is a mystery.,Public
1185,Her accounts were based on empirical facts.,Public
1186,The missiles were zeroed in on the enemy camps.,Public
1187,He used a motor to pump water from the well.,Public
1188,He decided to try sleeping without a pillow.,Public
1189,She has very good manners.,Public
1190,Many refugees have arrived at the border without passports.,Public
1191,She was weeping over her fate.,Public
1192,When the stranger entered her house she cried for help.,Public
1193,They logged the trees in the forest.,Public
1194,I was working on the evolution of the languages.,Public
1195,The operator produced the bill immediately.,Public
1196,Aslam and two other men came to my place last night.,Public
1197,People go to various religious places to worship.,Public
1198,A surgery was performed on the patient.,Public
1199,There was a long file of people at the hospital.,Public
1200,The concerned people came to see their relatives in the hospital.,Public
1201,This table has pointed edges on all sides.,Public
1202,Turtles can live in both water and land.,Public
1203,Don't be such a pig.,Public
1204,The income tax assessor came for a surprise check in the office.,Public
1205,Our agricultural production was good due to good monsoon.,Public
1206,It's a vogue word these days.,Public
1207,The criminals were punished and blinded.,Public
1208,Flowers are flourishing well in those tiny pots.,Public
1209,He has a down at heel appearance.,Public
1210,He soon began to tire of her.,Public
1211,Mothers protect their babies.,Public
1212,"On investigation, his claim proved to be bogus.",Public
1213,He had to face severe criticism from his opponent.,Public
1214,People in this country take active interest in politics.,Public
1215,`That was a wide ball` the umpire said.,Public
1216,These two stories are almost alike.,Public
1217,You don't appreciate the magnitude of her achievement.,Public
1218,He is the famous vintner of the town.,Public
1219,Her whitely face looked beautiful.,Public
1220,"Don't do that again, she said warningly.",Public
1221,People go out in the weekends.,Public
1222,Lights in the theatre were dimmed as the movie began.,Public
1223,Bells are played in morning in the temples.,Public
1224,The tout was illegally selling tickets.,Public
1225,Her tutor teaches her at home.,Public
1226,This movie filled me with wonder.,Public
1227,He was dead by the time they reached home.,Public
1228,The ventilation has been improved by the addition of windows.,Public
1229,My mother bought me a waterproof watch.,Public
1230,The students whispered in the class.,Public
1231,He has good grasp over the English language.,Public
1232,Some birds trill their songs.,Public
1233,Logs of wood are often used in the construction of houses.,Public
1234,Ram received an award of 5000 rupees in the poetry contest.,Public
1235,He manages the shop single handed.,Public
1236,He always welchs on his bets.,Public
1237,Plants help to purify the air.,Public
1238,Some soldiers went on furlough for two weeks.,Public
1239,You don't have to knock-just walk in.,Public
1240,He was crowned for his recent publication.,Public
1241,She collected her belongings and left.,Public
1242,The results of the exam were posted on the notice board.,Public
1243,The symptoms of the disease include abdominal pain and vomiting.,Public
1244,The teacher ordered silence.,Public
1245,Can you open the cork of the bottle.,Public
1246,No one can stop his criminal activities.,Public
1247,The ceremony has great symbolic significance.,Public
1248,"Though he doesn't like flying, but he enjoyed his trip to Italy last year.",Public
1249,His vociferousness irritates almost everyone.,Public
1250,He's a vindictive man.,Public
1251,They're building a new school in the village.,Public
1252,He rented an office in the new building.,Public
1253,The woods are lovely.,Public
1254,The road was empty because of low visibilty due to fog.,Public
1255,Her heart was beating fast.,Public
1256,I miss my sister.,Public
1257,She is spending a happy life after marriage.,Public
1258,Please send me my documents.,Public
1259,I wanted to thank you personally.,Public
1260,An enemy’s mouth seldom speaks well.,Public
1261,They served me a dish of rice.,Public
1262,Store the seeds in a tin.,Public
1263,A triangle is three sided.,Public
1264,The formation of the house was complete today.,Public
1265,They have put up a new defence in the town.,Public
1266,They were attacked for vulgarizing the debate.,Public
1267,This locality is full of criminals.,Public
1268,Can you put out the trash?,Public
1269,He put the tray on the table.,Public
1270,We had a nice evening by drinking some vino.,Public
1271,After finishing the exams he flung the book into air.,Public
1272,We must be optimistic in our life.,Public
1273,The temperature will drop after sunset,Public
1274,They have been delivering good services.,Public
1275,She's high spirited and vivacious.,Public
1276,I don`t like people spoiling my sunday afternoon.,Public
1277,He was claiming vindication yesterday after the results.,Public
1278,He has recently been fired from his job.,Public
1279,The judge asked the lawyer to proceed with the case.,Public
1280,We all surged towards the door.,Public
1281,He published a paper on metaphysical theory.,Public
1282,I verily owe a great deal to her.,Public
1283,She wept because her brother teased her very much.,Public
1284,She is such a bore.,Public
1285,He wanders from place to place.,Public
1286,I am very happy with this offer.,Public
1287,Control has been vested in local authorities,Public
1288,There's no correlation between these two issues.,Public
1289,He was sitting on the river bank for a long time.,Public
1290,The sentences you make should be meaningful.,Public
1291,Smoking cigarette is injurious to health.,Public
1292,The public can view the famous fort.,Public
1293,It is not necessary to go there.,Public
1294,I think she fancies me.,Public
1295,Keep it over the cupboard.,Public
1296,The singers corps were given a warm reception.,Public
1297,Circumstances oblige me to do that.,Public
1298,We need colored chalks for decorating the wall.,Public
1299,He used a scale to weigh the bananas.,Public
1300,The two countries were divided on ethnic lines.,Public
1301,She bought a diamond studded ring.,Public
1302,The creator of this software was praised.,Public
1303,My grandpa was a chemistry professor in University.,Public
1304,Anil graduated from IIT Kanpur.,Public
1305,His remarks were ill-timed.,Public
1306,The scooter skidded because the brakes got locked suddenly.,Public
1307,Fold the blanket double to keep away the cold.,Public
1308,The accident occurred at five o'clock.,Public
1309,Many people were buried alive here when the earthquake hit the area.,Public
1310,He was elected as president of the company..,Public
1311,I need any book from the shelf.,Public
1312,The two buildings stood about 50m apart.,Public
1313,I was sucked into a vortex of despair.,Public
1314,Three people were killed in the crash.,Public
1315,The goons lord over the local residents.,Public
1316,The boy in the park was playing merrily.,Public
1317,There was post for you this morning.,Public
1318,He took charge of the office whilst officer was away.,Public
1319,I need some loose papers.,Public
1320,Damn the rain for pouring in so suddenly.,Public
1321,The Principal welcomed the gathering.,Public
1322,Ingenuity does not guarantee success in all endeavors.,Public
1323,She works slowly and precisely.,Public
1324,There was a shortage of manpower in the factory.,Public
1325,The hotel we stayed in was absolutely tip-top.,Public
1326,The affair could tarnish the reputation of the prime minister.,Public
1327,"Whichever they choose, we must accept their decision.",Public
1328,She gave her daughter a gold coin.,Public
1329,Excessive tiredness while driving can kill.,Public
1330,He suspected she was taunting him.,Public
1331,Cricket is the most renowned sport in India.,Public
1332,They were persuaded to sign a waiver of claims against the landlord.,Public
1333,We live on the fourth floor.,Public
1334,She played a really nasty trick on me.,Public
1335,The girls exchanged their bags.,Public
1336,We stayed in a swanky hotel.,Public
1337,He has a visual impairment in the right eye.,Public
1338,I'm not prepared to toady to him just to save my job.,Public
1339,The sound of guns being fired fills me with terror.,Public
1340,Add sugar to the tea when it comes to boil.,Public
1341,They're nothing but a bunch of warmongers.,Public
1342,It dawned on him that she had betrayed him.,Public
1343,The congressman will deliver his speech tomorrow.,Public
1344,I do like that beautiful kitten.,Public
1345,The fire caused extensive damage.,Public
1346,I will wipe my hands first.,Public
1347,The new professor is too free in her attitude.,Public
1348,We will strive tirelessly to achieve it.,Public
1349,He is presently posted as India`s Ambassador in China.,Public
1350,The broadcasting station is located away from the city.,Public
1351,He likes singing traditional songs.,Public
1352,I find his ideas absurd.,Public
1353,Tomorrow is her twentieth birthday.,Public
1354,Gifts are always welcomed by children.,Public
1355,Many people these days have become victims of amnesia.,Public
1356,He became the victim of a virulent infection.,Public
1357,Her uncle agreed to pay part of her tuition.,Public
1358,A flock of birds took flight at once.,Public
1359,She didn`t want to answer his question.,Public
1360,I have to return within a day.,Public
1361,He agreed to waive his fee.,Public
1362,You can go through the opening space of the fence.,Public
1363,"Now a days, there is a trend to mechanise everything.",Public
1364,I want another piece of cake.,Public
1365,The media made an extensive coverage of the incident.,Public
1366,The composer of this popular song is a young man.,Public
1367,He has a distinctive style of reciting poetry.,Public
1368,We have to find a proper place to beach the boat.,Public
1369,Please fill in the blanks on the paper.,Public
1370,Don't be such a weakling!,Public
1371,I was not bothered about the consequences.,Public
1372,I have to load the software.,Public
1373,He is hammering piles into the ground.,Public
1374,Her dress had beautiful fringes.,Public
1375,Do I require a visa?,Public
1376,He was weeping because he had pain in his leg.,Public
1377,We bought glass bulbs for Diwali.,Public
1378,I will take away his purse.,Public
1379,He was pleased with his victory.,Public
1380,She fainted when she heard the terrible news.,Public
1381,He was the virtual leader of the movement.,Public
1382,The bullet pierced his hand.,Public
1383,Did you send up my application?,Public
1384,Our house faces west.,Public
1385,Riots cause harm to general public.,Public
1386,I don't like onions.,Public
1387,This road is so even.,Public
1388,They are moving in a vortex.,Public
1389,He has not got remuneration yet.,Public
1390,India has a democratic system of governance.,Public
1391,The tiara was set with diamonds and pearls.,Public
1392,I`m always yours.,Public
1393,It is not cool to arrive at a party too early.,Public
1394,His vernacular style is liked by everyone.,Public
1395,The truth was so painful.,Public
1396,We reacted at his expulsion.,Public
1397,I have to go to the airport to recieve my sister.,Public
1398,The salt is in the vial.,Public
1399,I will tell the result by telegraph.,Public
1400,"Actually, they were raising money for a political war.",Public
1401,My brother lives in the flat above ours.,Public
1402,The density of population is quite high in Kerela.,Public
1403,The new house is ready for occupation.,Public
1404,Geyser is a convenient apparatus for heating water in a short period of time.,Public
1405,He always keeps on crowing about his success.,Public
1406,The cry of the baby awakened her.,Public
1407,Some plants are able to live in water logged soil.,Public
1408,Our football coach trains the team.,Public
1409,The decision was made purely for financial dealings.,Public
1410,I could not avoid hitting the car.,Public
1411,They left this house ten years ago.,Public
1412,There is rampant corruption in government offices.,Public
1413,They were in the grip of cricket fever.,Public
1414,This place is reserved for the storage of explosives.,Public
1415,She could no longer hold back her laughter.,Public
1416,You should not have any objection to this wise plan.,Public
1417,The road winds towards the mountain.,Public
1418,Please get two bundles of cord.,Public
1419,She was twirling her key chain.,Public
1420,He met with a car accident.,Public
1421,She has an attractive personality.,Public
1422,Put the other end of the wire through the loop.,Public
1423,Do not neglect your duties.,Public
1424,He resigned of his own volition.,Public
1425,I will deposit my money in the bank.,Public
1426,This is pure water.,Public
1427,There are many flies in this room.,Public
1428,His birth proved to be a good omen.,Public
1429,She surprised him when she arrived early.,Public
1430,I abhor to tell lies.,Public
1431,There were variety of dresses.,Public
1432,The members were honoured by the august presence of the poet.,Public
1433,He is wandering around in a terrace,Public
1434,The main frame of the aircraft is ready.,Public
1435,She wrote something to summarize her idea.,Public
1436,There is a school in the vicinity.,Public
1437,The captain's voice was triumphant.,Public
1438,Can you water the plants?,Public
1439,We bought tickets for the magic show in advance.,Public
1440,You should find a means to reach there.,Public
1441,Our vehicles are responsible for polluting our environment.,Public
1442,Smoking vitiates the air.,Public
1443,He was wearing a beautiful mantle.,Public
1444,We'll be home at about 11:00.,Public
1445,The colour of snow is white.,Public
1446,The school will complete the work of building soon.,Public
1447,We travelled in a westerly direction.,Public
1448,He's a French national working in Italy.,Public
1449,His legs were weak.,Public
1450,The program will be concluded in the next week.,Public
1451,The murderer had left no clue.,Public
1452,He volunteered to help the needy.,Public
1453,He loaned me some money.,Public
1454,His whisper turned to a roar.,Public
1455,This is a class of animals which have weak legs.,Public
1456,The judge allowed her claim.,Public
1457,Her greatest dread was that she would lose her job.,Public
1458,He is battling with his life in the hospital.,Public
1459,The tale was written in verse.,Public
1460,She overcame the grief by engaging herself in work.,Public
1461,I don't know the object of the meeting.,Public
1462,It will take her ages to get over the tragedy.,Public
1463,It's not an easy task to learn.,Public
1464,Modern age is the age of technology.,Public
1465,He was able to locate his relatives through the instrumentality of the police.,Public
1466,Animals are usually afraid of fire.,Public
1467,Your handwriting is worse than mine.,Public
1468,They went on a trip a few days ago.,Public
1469,Everybody dislikes his abrupt manners.,Public
1470,The teacher has assigned each of us a part in the drama.,Public
1471,He drank three glasses of water after the lunch.,Public
1472,This news came as a shock to us.,Public
1473,They don't buy clothes that are made up of nylon fibres.,Public
1474,She had twins .,Public
1475,I'm getting used to the noise now.,Public
1476,The bird continued to warble.,Public
1477,Children undergo physiological changes.,Public
1478,The weather got very bad in the evening.,Public
1479,She was wearing a yellow dress with green patches on the flair.,Public
1480,I shall always be grateful to you for the kindness shown to me.,Public
1481,We have a test tomorrow.,Public
1482,I verily owe a great deal to her.,Public
1483,She has a medium height.,Public
1484,My torpid brother rests on the couch all day.,Public
1485,Let's sing the last verse again.,Public
1486,The discussion focused on three main problems.,Public
1487,There was a weariness in her voice.,Public
1488,We have different views.,Public
1489,He hailed his friend .,Public
1490,She is not coming now.,Public
1491,I lost my balance and fell backwards.,Public
1492,She is a maid.,Public
1493,The name plate of the main door was broken.,Public
1494,He was sitting on the river bank for a long time.,Public
1495,Little children are administered polio drops as a preventive measure.,Public
1496,I have to go to the market to buy some vegetables.,Public
1497,He did not deserve the vilification he had been subjected to.,Public
1498,Power outage plunged the area into darkness.,Public
1499,The massage helped to buffer the pain.,Public
1500,He died of a bowel obstruction.,Public
1501,We could see the score of the cricket match on the board.,Public
1502,He bought a new camera from HongKong.,Public
1503,"Medically, he is fit for travelling.",Public
1504,"Ugh, how hard it is!",Public
1505,Spread the white cloth on the table.,Public
1506,She emptied her cup of milk in one long draught.,Public
1507,You can come at your own convenience.,Public
1508,So you're theoretician?,Public
1509,The sky is blue in colour.,Public
1510,I married a voluptuous woman.,Public
1511,He thinks he would lose the face if he admits the mistake.,Public
1512,The animals were fleeting towards the meadow.,Public
1513,Some banks are operational even on holidays.,Public
1514,His vulgarisms embarrassed his family.,Public
1515,The thespian in the movie is a new comer.,Public
1516,There is a cosmic power governing in the universe.,Public
1517,One man's loss is another man's gain.,Public
1518,He has been named the captain of the team.,Public
1519,The final episode will be shown tomorrow.,Public
1520,The issue before us has to be discussed first.,Public
1521,He drives his car very fast.,Public
1522,The theory was utterly confusing for me.,Public
1523,Teddy bears are lovable toys.,Public
1524,I shouldn't have drunk this much.,Public
1525,He's not a violent person.,Public
1526,In my view it was a waste of time.,Public
1527,He was whistling as he walked down the street.,Public
1528,The long climb completely winded us.,Public
1529,My grandfather told me an amusing story.,Public
1530,They often think alike.,Public
1531,The campaign was designed to increase public awareness of the problem.,Public
1532,Use of weapons should be banned.,Public
1533,His books were wantonly destroyed.,Public
1534,It's totally not fair.,Public
1535,The specified destination is not reachable.,Public
1536,Aslam`s father is a chandler.,Public
1537,I will go to Delhi by train.,Public
1538,Do you have any book on astronomy?,Public
1539,The objective report was not appreciated.,Public
1540,He is not mentally fit.,Public
1541,His bat was grounded.,Public
1542,Winter is severe in the north.,Public
1543,The company has advanced a new policy.,Public
1544,There was a long queue at the post office.,Public
1545,I don't discuss private matters with my collegues.,Public
1546,We went there on his death anniversary.,Public
1547,Let's go and attend the performance of the singer.,Public
1548,I have fifty names on the list.,Public
1549,I am very glad to see you.,Public
1550,He has presented critical reviews of the present educational system.,Public
1551,Her pose for the photo was the best.,Public
1552,He is a farmer.,Public
1553,The letter came in the mail today.,Public
1554,We sat outside in the sun.,Public
1555,Maryam snatched his letters and pocketed them.,Public
1556,He often goes to the exclusive restaurants.,Public
1557,This food contains essential vitamins and minerals.,Public
1558,There are four rooms and a hall in his house .,Public
1559,"Be always brave and truthful, said his father.",Public
1560,He waited at the bus stop.,Public
1561,Thank you for taking care of the kids.,Public
1562,The next programme will be broadcasted presently.,Public
1563,I have a credit balance of Rs.1000.,Public
1564,She launched a vitriolic attack against us.,Public
1565,Perhaps I may not attend the class tomorrow.,Public
1566,Oxygen is the gas we breathe.,Public
1567,The event changed the trend of public opinion.,Public
1568,He arranged a trip to please his son.,Public
1569,Three is an odd number.,Public
1570,We welded the beams together.,Public
1571,He has planted a mimosa tree in middle of the park.,Public
1572,She is a nice little girl.,Public
1573,They are willing to come.,Public
1574,It's not a big deal.,Public
1575,Lately a vexing problem had grown worse.,Public
1576,He started the project work with great determination.,Public
1577,A curious man appeared on the gate.,Public
1578,You should not delay the action further.,Public
1579,I want only one chocolate.,Public
1580,I could not avoid hitting the car.,Public
1581,The wrestler floored the opponent by a single punch.,Public
1582,He is my dear son.,Public
1583,Beautiful flowers fronted the fence.,Public
1584,There is a large concentration of army on the borders.,Public
1585,The board of directors drafted a new policy.,Public
1586,Her heart is weak .,Public
1587,They entered his tent.,Public
1588,The washing machine has a heavy motor.,Public
1589,Their relationship was based on mutual trust.,Public
1590,She is feeling nauseous.,Public
1591,She is at an advantage for her knowledge of different languages.,Public
1592,The girl carries the pitcher home.,Public
1593,You can take the book which is on the table.,Public
1594,She was there to welcome him.,Public
1595,He has to scrub ointment on legs.,Public
1596,This design is very fascinating.,Public
1597,I saw a fox in the bushes.,Public
1598,Her room number is ninteen.,Public
1599,"A tsunami is coming, so please be on the alert.",Public
1600,Kabir is interested to participate in philosophical discussions.,Public
1601,He likes all types of books.,Public
1602,The employees are demanding wage increase.,Public
1603,The handle of my bag has come loose.,Public
1604,This fabric possesses a netted texture.,Public
1605,"On heating, the glass cracked.",Public
1606,He belongs to a good family.,Public
1607,I was assured that these terms shall be implemented soon.,Public
1608,I'll call for you at three.,Public
1609,The fifth chapter of the book is actually the meat of the author's argument.,Public
1610,Electrons are found in atoms.,Public
1611,These belong to crustacean species.,Public
1612,The doctor prescribed some pills to help me to sleep.,Public
1613,The arrow hit him full in the right eye.,Public
1614,They are trying to domesticate the dogs.,Public
1615,This kettle needs a new element.,Public
1616,I called him three times but he did not recieve.,Public
1617,It's the fourth season of the year.,Public
1618,I charge you not to go.,Public
1619,He tolerates no evil.,Public
1620,He is a crack soldier.,Public
1621,I'll wander in the market for half an hour.,Public
1622,We have to tackle the fundamental cause of the problem.,Public
1623,Today's football match is France versus Brazil.,Public
1624,I could see a sudden flash of light in the dark.,Public
1625,Students were filing towards the class room.,Public
1626,I enjoyed a good orchestra in the marriage function.,Public
1627,Drive the nails slowly into a plank.,Public
1628,The police had a warrant for his arrest.,Public
1629,We have to take this step to keep our bussiness viable.,Public
1630,His story was quite painful.,Public
1631,There were masses of people at the funeral.,Public
1632,The whole country is in ferment.,Public
1633,After several years in Hyderabad he was posted to Delhi.,Public
1634,I went there walking.,Public
1635,The building looked magnificent with high arches.,Public
1636,He has gone for vesper prayer.,Public
1637,Most deals are transacted over the phone.,Public
1638,That gun has a long bore.,Public
1639,What you say is partly right.,Public
1640,There is a wide gulf between the rich and the poor.,Public
1641,The cold air made her face tingle.,Public
1642,Par for the course is 62.,Public
1643,We can have a cup of tea in the cafeteria.,Public
1644,It is pleasant to watch the waves in the sea.,Public
1645,The political parties started their propaganda in full swing before the elections.,Public
1646,He has become my deadly enemy.,Public
1647,I need to fix my bicycle.,Public
1648,That old temple is hidden among trees.,Public
1649,He plays violin in his free time.,Public
1650,Over 70 percent of the families in this area own a telephone.,Public
1651,"It consisted of currants, dates and sultanas.",Public
1652,Your basic qualification is apt for this job.,Public
1653,He was viciously attacked and suffered head injuries.,Public
1654,It was an abrupt action.,Public
1655,Your attitude towards the work is not appropriate.,Public
1656,You can order the cake over the telephone.,Public
1657,These flowers are beautiful,Public
1658,I have a happy home life.,Public
1659,The small nick in the cloth became big.,Public
1660,There seems to be no acceleration in their economic growth.,Public
1661,He dishonored her in front of everyone.,Public
1662,I like to roam around the fields.,Public
1663,She is a model.,Public
1664,He is weak to be a commander.,Public
1665,The patient was whining all afternoon.,Public
1666,You have to win the match.,Public
1667,There is a differential salary structure in this project.,Public
1668,He exhibits a sense of propriety.,Public
1669,They partied before their parents returned home.,Public
1670,Take whichever dress suits you best.,Public
1671,It was a minute particle but hurt the eye badly.,Public
1672,He leaned out of the window.,Public
1673,He runs the business in a profitable manner.,Public
1674,Our assets are fluid.,Public
1675,For me he is a real throwback.,Public
1676,He pointed towards the broken window.,Public
1677,A penetrating cry was heard from neighbour's house.,Public
1678,He was bitterly disappointed.,Public
1679,He is staying in North London.,Public
1680,She comes late usually.,Public
1681,They want to perform the drama in an open auditorium.,Public
1682,Can you mend this broken chair?,Public
1683,They'll very likely come by car.,Public
1684,Is your allergy getting better?,Public
1685,Women commit fewer crimes than men.,Public
1686,That country supports all the countries which are neutral.,Public
1687,The thief jumped on the rampart.,Public
1688,The child has a great faculty for learning new languages.,Public
1689,That boy joined the navy.,Public
1690,Women make beautiful pots from black clay.,Public
1691,He is a mad person.,Public
1692,Your voice is breaking on the phone.,Public
1693,My old friend was a virtuoso in music.,Public
1694,The plan was originally quite different.,Public
1695,This is a virgin land.,Public
1696,He connected the bulb with a bent wire.,Public
1697,These birds breed in spring.,Public
1698,The driver curved suddenly to the right.,Public
1699,He is wearing a vest under a shirt.,Public
1700,The examiner was very nice.,Public
1701,Her dress was a vivid colour.,Public
1702,There is a formula to solve this problem.,Public
1703,He is of strong build with long hair.,Public
1704,She kept the dead body on the mat.,Public
1705,I am eating rice,Public
1706,His object was to hurt you.,Public
1707,The fire destroyed the house.,Public
1708,A conference was held in the University.,Public
1709,He carried on his work amidst disruption.,Public
1710,He's a vile person!,Public
1711,It is obvious that he hates her.,Public
1712,"After the loss of her loved ones, she felt a void in her heart",Public
1713,He has reached the finals in the match.,Public
1714,The company had a turnover of 38 lakhs.,Public
1715,I'm taller than you.,Public
1716,I want to do this job.,Public
1717,His parents granted him permission to play.,Public
1718,He lost all his cash in the game of dice.,Public
1719,My friend is very egotistic.,Public
1720,She was met with all her needs.,Public
1721,He is a well known trumpet player.,Public
1722,I like vocal music better than instrumental music.,Public
1723,"At 87, she is still full of vim and vigour.",Public
1724,This pen is hers.,Public
1725,This explanation is wanting in many questions.,Public
1726,They were loaded with arms.,Public
1727,I can take care of myself.,Public
1728,He is a volunteer.,Public
1729,Weasel has a long thin body with short legs.,Public
1730,He was drunk.,Public
